{ "objects": { "obj_door_spawn": [ { "z": 0.000000, "x": 67.447083, "y": 192.489502, "image_angle": -90.151260 } ], "obj_light": [ { "range": 152.347049, "z": 98.000000, "x": 46.590176, "y": 150.508698, "colour": 16777215.000000, "image_angle": 277.021820 } ], "obj_ceiling": [ { "sprite": "spr_tex_white", "z": 80.000000, "tile_size": 32.000000, "x": 0.000000, "y": 0.000000, "y2": 200.000000, "image_angle": 0.000000, "x1": 0.000000, "x2": 100.000000, "y1": 0.000000 } ], "obj_floor": [ { "sprite": "spr_tex_white", "z": 0.000000, "tile_size": 32.000000, "x": 0.000000, "y": 0.000000, "y2": 200.000000, "image_angle": 0.000000, "x1": 0.000000, "x2": 100.000000, "y1": 0.000000 } ], "obj_wall": [ { "thickness": 2.000000, "z": 0.000000, "x": 0.000000, "y": 200.000000, "z1": 0.000000, "z2": 80.000000, "y2": 200.000000, "image_angle": 0.000000, "x1": 0.000000, "x2": 100.000000, "y1": 200.000000 }, { "thickness": 2.000000, "z": 0.000000, "x": 100.000000, "y": 0.000000, "z1": 0.000000, "z2": 80.000000, "y2": 200.000000, "image_angle": 270.000000, "x1": 100.000000, "x2": 100.000000, "y1": 0.000000 }, { "thickness": 2.000000, "z": 0.000000, "x": 0.000000, "y": 0.000000, "z1": 0.000000, "z2": 80.000000, "y2": 200.000000, "image_angle": 270.000000, "x1": 0.000000, "x2": 0.000000, "y1": 0.000000 }, { "thickness": 2.000000, "z": 0.000000, "x": 0.000000, "y": 0.000000, "z1": 0.000000, "z2": 80.000000, "y2": 0.000000, "image_angle": 0.000000, "x1": 0.000000, "x2": 100.000000, "y1": 0.000000 } ], "obj_player_spawn": [ { "z": 0.000000, "x": 48.237617, "y": 21.120312, "image_angle": -90.146820 } ] }, "time": "23\/04\/2017 23:58:18" }