{ "objects": { "obj_floor": [ { "tile_size": 32.000000, "y2": 300.000000, "z": 0.000000, "image_angle": 0.000000, "sprite": "spr_tex_floor3", "x": 0.000000, "x2": 300.000000, "y1": 0.000000, "x1": 0.000000, "y": 0.000000 } ], "obj_player_spawn": [ { "z": 0.000000, "image_angle": 0.000000, "x": 48.198753, "y": 147.624023 } ], "obj_wall": [ { "y2": 0.000000, "z1": 0.000000, "z": 0.000000, "thickness": 2.000000, "image_angle": 0.000000, "sprite": "spr_tex_wall8", "x": 0.000000, "x2": 300.000000, "y1": 0.000000, "x1": 0.000000, "y": -6.000000, "z2": 100.000000 }, { "y2": 300.000000, "z1": 0.000000, "z": 0.000000, "thickness": 2.000000, "image_angle": 270.000000, "sprite": "spr_tex_wall8", "x": 6.000000, "x2": 0.000000, "y1": 0.000000, "x1": 0.000000, "y": 0.000000, "z2": 100.000000 }, { "y2": 300.000000, "z1": 0.000000, "z": 0.000000, "thickness": 2.000000, "image_angle": 270.000000, "sprite": "spr_tex_wall8", "x": 306.000000, "x2": 300.000000, "y1": 0.000000, "x1": 300.000000, "y": 0.000000, "z2": 100.000000 }, { "y2": 300.000000, "z1": 0.000000, "z": 0.000000, "thickness": 2.000000, "image_angle": 0.000000, "sprite": "spr_tex_wall8", "x": 0.000000, "x2": 300.000000, "y1": 300.000000, "x1": 0.000000, "y": 294.000000, "z2": 100.000000 } ], "obj_ceiling": [ { "tile_size": 32.000000, "y2": 300.000000, "z": 100.000000, "image_angle": 0.000000, "sprite": "spr_tex_white", "x": 0.000000, "x2": 300.000000, "y1": 0.000000, "x1": 0.000000, "y": 0.000000 } ], "obj_door_spawn": [ { "z": 0.000000, "image_angle": -180.007416, "x": 222.828995, "y": 181.902878 } ] }, "time": "20\/01\/2018 18:15:47" }