{ "objects": { "obj_light": [ { "range": 364.750601, "z": 64.000000, "x": 51.230637, "y": 0.942970, "colour": 16777215.000000, "image_angle": 557.875000 } ], "obj_pedestal": [ { "z": 0.000000, "x": 57.798058, "y": 49.689728, "image_angle": 284.750000 } ], "obj_door_spawn": [ { "z": -0.200000, "x": 70.962509, "y": 100.061745, "image_angle": 271.210632 } ], "obj_ceiling": [ { "sprite": "spr_tex_white", "z": 80.000000, "tile_size": 32.000000, "x": 0.000000, "y": 0.000000, "y2": 110.000000, "image_angle": 0.000000, "x1": 0.000000, "x2": 110.000000, "y1": 0.000000 } ], "obj_floor": [ { "sprite": "spr_tex_floor1", "z": 0.000000, "tile_size": 32.000000, "x": 0.000000, "y": 0.000000, "y2": 110.000000, "image_angle": 0.000000, "x1": 0.000000, "x2": 110.000000, "y1": 0.000000 } ], "obj_wall": [ { "sprite": "spr_tex_wall6", "thickness": 2.000000, "z": 0.000000, "x": 0.000000, "y": 104.000000, "z1": 0.000000, "z2": 80.000000, "y2": 110.000000, "image_angle": 0.000000, "x1": 0.000000, "x2": 110.000000, "y1": 110.000000 }, { "sprite": "spr_tex_wall6", "thickness": 2.000000, "z": 0.000000, "x": 116.000000, "y": 0.000000, "z1": 0.000000, "z2": 80.000000, "y2": 110.000000, "image_angle": 270.000000, "x1": 110.000000, "x2": 110.000000, "y1": 0.000000 }, { "sprite": "spr_tex_wall6", "thickness": 2.000000, "z": 0.000000, "x": 6.000000, "y": 0.000000, "z1": 0.000000, "z2": 80.000000, "y2": 110.000000, "image_angle": 270.000000, "x1": 0.000000, "x2": 0.000000, "y1": 0.000000 }, { "sprite": "spr_tex_wall6", "thickness": 2.000000, "z": 0.000000, "x": 0.000000, "y": -6.000000, "z1": 0.000000, "z2": 80.000000, "y2": 0.000000, "image_angle": 0.000000, "x1": 0.000000, "x2": 110.000000, "y1": 0.000000 } ], "obj_phone": [ { "z": 40.200000, "x": 56.130184, "y": 49.110291, "image_angle": 445.633057 } ], "obj_player_spawn": [ { "z": 0.000000, "x": 53.401138, "y": 14.781786, "image_angle": -90.032623 } ] }, "time": "24\/04\/2017 17:25:35" }