{ "objects": { "obj_light": [ { "range": 364.750601, "z": 94.000000, "x": 187.962006, "y": 169.605667, "colour": 16777215.000000, "image_angle": 557.875000 } ], "obj_chess_queen_alt": [ { "z": 31.600000, "x": 157.252548, "y": 162.635025, "image_angle": 215.043579 } ], "obj_table": [ { "z": 0.000000, "x": 176.336792, "y": 145.523407, "image_angle": 598.217773 } ], "obj_chessboard": [ { "z": 30.400000, "x": 154.090714, "y": 150.248688, "image_angle": 238.233887 } ], "obj_chess_king_alt": [ { "z": 31.600000, "x": 158.139572, "y": 167.741577, "image_angle": 232.293579 } ], "obj_chair": [ { "z": 0.000000, "x": 183.663437, "y": 167.634018, "image_angle": 147.256256 }, { "z": 0.000000, "x": 121.393074, "y": 130.217255, "image_angle": 689.574707 } ], "obj_chess_rook_alt": [ { "z": 31.400000, "x": 159.006485, "y": 159.509445, "image_angle": 222.543579 } ], "obj_skele": [ { "z": 1.200000, "x": 183.975464, "y": 168.004944, "image_angle": 148.697296 } ], "obj_player_spawn": [ { "z": 0.000000, "x": 129.978470, "y": 135.393372, "image_angle": -26.793579 } ] }, "time": "25\/04\/2017 00:19:54" }