{ "objects": { "obj_floor": [ { "tile_size": 32.000000, "y2": 200.000000, "z": 0.000000, "image_angle": 0.000000, "sprite": "spr_tex_white", "x": 0.000000, "x2": 100.000000, "y1": 0.000000, "x1": 0.000000, "y": 0.000000 } ], "obj_door": [ { "z": 0.000000, "image_angle": -90.151260, "x": 67.447083, "y": 192.489502 } ], "obj_player_spawn": [ { "z": 0.000000, "image_angle": -90.146820, "x": 48.237617, "y": 21.120312 } ], "obj_wall": [ { "y2": 0.000000, "z1": 0.000000, "z": 0.000000, "thickness": 2.000000, "image_angle": 0.000000, "sprite": "spr_tex_wall6", "x": 0.000000, "x2": 100.000000, "y1": 0.000000, "x1": 0.000000, "y": -6.000000, "z2": 80.000000 }, { "y2": 200.000000, "z1": 0.000000, "z": 0.000000, "thickness": 2.000000, "image_angle": 270.000000, "sprite": "spr_tex_wall6", "x": 6.000000, "x2": 0.000000, "y1": 0.000000, "x1": 0.000000, "y": 0.000000, "z2": 80.000000 }, { "y2": 200.000000, "z1": 0.000000, "z": 0.000000, "thickness": 2.000000, "image_angle": 270.000000, "sprite": "spr_tex_wall6", "x": 106.000000, "x2": 100.000000, "y1": 0.000000, "x1": 100.000000, "y": 0.000000, "z2": 80.000000 }, { "y2": 200.000000, "z1": 0.000000, "z": 0.000000, "thickness": 2.000000, "image_angle": 0.000000, "sprite": "spr_tex_wall6", "x": 0.000000, "x2": 100.000000, "y1": 200.000000, "x1": 0.000000, "y": 194.000000, "z2": 80.000000 } ], "obj_light": [ { "colour": 16777215.000000, "z": 98.000000, "image_angle": 277.021820, "x": 46.590176, "range": 152.347049, "y": 150.508698 } ], "obj_ceiling": [ { "tile_size": 32.000000, "y2": 200.000000, "z": 80.000000, "image_angle": 0.000000, "sprite": "spr_tex_white", "x": 0.000000, "x2": 100.000000, "y1": 0.000000, "x1": 0.000000, "y": 0.000000 } ], "obj_door_spawn": [ { "z": 0.000000, "image_angle": -90.151260, "x": 67.447083, "y": 192.489502 } ] }, "time": "06\/12\/2017 12:22:17" }